{
	"shop": {
			"id": 690933842,
			"name": "Apple Computers",
			"email": "steve@apple.com",
			"domain": "shop.apple.com",
			"created_at": "2007-12-31T19:00:00-05:00",
			"province": "California",
			"country": "US",
			"address1": "1 Infinite Loop",
			"zip": "95014",
			"city": "Cupertino",
			"source": null,
			"phone": "1231231234",
			"updated_at": "2016-03-17T16:58:28-04:00",
			"customer_email": "customers@apple.com",
			"latitude": 45.45,
			"longitude": -75.43,
			"primary_location_id": null,
			"primary_locale": "en",
			"country_code": "US",
			"country_name": "United States",
			"currency": "USD",
			"timezone": "(GMT-05:00) Eastern Time (US & Canada)",
			"iana_timezone": "America\/New_York",
			"shop_owner": "Steve Jobs",
			"money_format": "$ {{amount}}",
			"money_with_currency_format": "$ {{amount}} USD",
			"province_code": "CA",
			"taxes_included": null,
			"tax_shipping": null,
			"county_taxes": true,
			"plan_display_name": "Shopify Plus",
			"plan_name": "enterprise",
			"has_discounts": false,
			"has_gift_cards": true,
			"myshopify_domain": "apple.myshopify.com",
			"google_apps_domain": null,
			"google_apps_login_enabled": null,
			"money_in_emails_format": "${{amount}}",
			"money_with_currency_in_emails_format": "${{amount}} USD",
			"eligible_for_payments": true,
			"requires_extra_payments_agreement": false,
			"password_enabled": false,
			"has_storefront": true,
			"eligible_for_card_reader_giveaway": false,
			"setup_required": false,
			"force_ssl": false
		}
}
