{
  "id": 1234567,
  "webhook": {
    "id": 1234567,
    "name": "Super Toys",
    "email": "super@supertoys.com",
    "domain": "testshop1.myshopify.com",
    "created_at": null,
    "province": "Tennessee",
    "country": "US",
    "address1": "190 MacLaren Street",
    "zip": "37178",
    "city": "Houston",
    "source": null,
    "phone": "3213213210",
    "updated_at": null,
    "customer_email": null,
    "latitude": null,
    "longitude": null,
    "primary_location_id": null,
    "primary_locale": "en",
    "address2": null,
    "country_code": "US",
    "country_name": "United States",
    "currency": "USD",
    "timezone": "(GMT-05:00) Eastern Time (US & Canada)",
    "iana_timezone": null,
    "shop_owner": "N\/A",
    "money_format": "$",
    "money_with_currency_format": "$ USD",
    "weight_unit": "kg",
    "province_code": "TN",
    "taxes_included": null,
    "tax_shipping": null,
    "county_taxes": null,
    "plan_display_name": null,
    "plan_name": null,
    "has_discounts": null,
    "has_gift_cards": false,
    "myshopify_domain": null,
    "google_apps_domain": null,
    "google_apps_login_enabled": null,
    "money_in_emails_format": "$",
    "money_with_currency_in_emails_format": "$ USD",
    "eligible_for_payments": true,
    "requires_extra_payments_agreement": false,
    "password_enabled": null,
    "has_storefront": false,
    "eligible_for_card_reader_giveaway": false,
    "finances": true,
    "setup_required": false,
    "force_ssl": false
  }
}
