{
  "id": "evt_17DvrJLBYdVfFaHn8cZX1DK6",
  "object": "event",
  "api_version": "2015-10-16",
  "created": 1449144409,
  "data": {
    "object": {
      "id": "in_17B9tFLBYdVfFaHnePqJxmnF",
      "object": "invoice",
      "amount_due": 990,
      "application_fee": null,
      "attempt_count": 1,
      "attempted": true,
      "charge": "ch_17B9tFLBYdVfFaHnQWIWdfhf",
      "closed": true,
      "currency": "usd",
      "customer": "cus_7WlbG9jU2CxeUb",
      "date": 1448483361,
      "description": null,
      "discount": null,
      "ending_balance": 0,
      "forgiven": false,
      "lines": {
        "data": [
          {
            "id": "sub_7VGnFr88lZ2rl2",
            "object": "line_item",
            "amount": 99,
            "currency": "usd",
            "description": null,
            "discountable": true,
            "livemode": true,
            "metadata": {
            },
            "period": {
              "start": 1452377854,
              "end": 1455056254
            },
            "plan": {
              "id": "1",
              "object": "plan",
              "amount": 99,
              "created": 1448461348,
              "currency": "usd",
              "interval": "month",
              "interval_count": 1,
              "livemode": false,
              "metadata": {
              },
              "name": "$0.00/month",
              "statement_descriptor": null,
              "trial_period_days": null
            },
            "proration": false,
            "quantity": 1,
            "subscription": null,
            "type": "subscription"
          }
        ],
        "total_count": 1,
        "object": "list",
        "url": "/v1/invoices/in_17B9tFLBYdVfFaHnePqJxmnF/lines"
      },
      "livemode": false,
      "metadata": {
      },
      "next_payment_attempt": null,
      "paid": true,
      "period_end": 1448483361,
      "period_start": 1448483361,
      "receipt_number": null,
      "starting_balance": 0,
      "statement_descriptor": null,
      "subscription": "sub_7PztzJofdnusb6",
      "subtotal": 990,
      "tax": null,
      "tax_percent": null,
      "total": 990,
      "webhooks_delivered_at": 1448483361
    }
  },
  "livemode": true,
  "pending_webhooks": 0,
  "request": null,
  "type": "invoice.payment_succeeded"
}
