{
  "id": "cus_7WlbG9jU2CxeUb",
  "object": "customer",
  "account_balance": 0,
  "created": 1450044682,
  "currency": "usd",
  "default_source": "card_17Hi3m2eZvKYlo2CtFwSvpgJ",
  "delinquent": false,
  "description": null,
  "discount": null,
  "email": "testuser@gmail.com",
  "livemode": false,
  "metadata": {
  },
  "shipping": null,
  "sources": {
    "object": "list",
    "data": [
      {
        "id": "card_17Hi3m2eZvKYlo2CtFwSvpgJ",
        "object": "card",
        "address_city": null,
        "address_country": null,
        "address_line1": null,
        "address_line1_check": null,
        "address_line2": null,
        "address_state": null,
        "address_zip": null,
        "address_zip_check": null,
        "brand": "Visa",
        "country": "US",
        "customer": "cus_7WlbG9jU2CxeUb",
        "cvc_check": "pass",
        "dynamic_last4": null,
        "exp_month": 1,
        "exp_year": 2019,
        "funding": "credit",
        "last4": "4242",
        "metadata": {
        },
        "name": "testuser@gmail.com",
        "tokenization_method": null
      }
    ],
    "has_more": false,
    "total_count": 1,
    "url": "/v1/customers/cus_7WlbG9jU2CxeUb/sources"
  },
  "subscriptions": {
    "object": "list",
    "data": [

    ],
    "has_more": false,
    "total_count": 0,
    "url": "/v1/customers/cus_7WlbG9jU2CxeUb/subscriptions"
  }
}
